{
  "use": true,
  "basedir": "",
  "template_file": "testfiles/TEMPLATE3.msg",
  "excel_file": "testfiles/WM_UEL_01.xlsx",
  "save": {
      "dir": "testfiles/_new_output",
      "filebasename": "{basename}_{{Matrikelnr}}_{counter}",
      "save_converted": true,
      "save_rendered": true,
      "save_drafts": true
  },
  "imap": {
    "server": "email.uni-passau.de",
    "user": null,
    "pass": null,
    "folder": "Entwürfe",
    "do_upload": true
  },
  "key_mappings": {},
  "process_conditions": [
        {
            "key": "Abgegeben",
            "condition": "in [\"y\", \"Y\", 1, \"j\", \"J\"]"
        },
        {
            "key": "Matrikelnr",
            "condition": ">0"
        },
        {
          "key": "Gesamt",
              "condition": "> 1"
        }
    ],
    "process_conditions_disabled": [

    ],
    "preprocessings": [
      {
        "key": "Anrede",
        "condition": "== \"Herr\"",
        "consequence": [
          ["AnredeEnde", "r"],
          ["AnredeEngl", "Mr.", "Mrs."]
        ]
      },
      {
        "key": "Anwesend",
        "condition": "in [\"y\", \"Y\", 1, \"j\", \"J\"]",
        "consequence": [
          ["Anwesend", "Ja", "Nein"],
          ["AnwesendEngl", "Yes", "No"]
        ]
      },
      {
        "key": "Gesamt",
        "condition": "!=1",
        "consequence": [
          ["PunktEnde", "e"],
          ["PunktEndeEngl", "s"]
        ]
      },
      {
        "key": "Gesamt",
        "condition": ">=5",
        "consequence": [
          {
            "key": "Gratulation",
            "option": "random_choice",
            "true": ["Gratulation - gute Leistung! 😊<br>"]
          },
          {
            "key": "GratulationEngl",
            "option": "random_choice",
            "true": ["Congratulations - good performance! 😊<br>"]
          }
        ]
      },
      {
        "key": "Gesamt",
        "condition": ">=10",
        "consequence": [
          {
            "key": "Gratulation",
            "option": "random_choice",
            "true": ["Gratulation - Eine wirklich sehr gute Leistung! 😊<br>"]
          },
          {
            "key": "GratulationEngl",
            "option": "random_choice",
            "true": ["Congratulations - A very good performance! 😊<br>"]
          }
        ]
      }
    ],
    "further_outputs": {
        "Course": "Wissensmanagement",
        "PunkteMoeglich": 10.0,
        "Abgegeben": "y"
    },
    "attachments": [
      {
        "filename": "testfiles/testanhang2.txt"
      },{
        "filename": "testfiles/testatt_{{Matrikelnr}}.pdf"
      }
    ]
}